图片ID,图片答案,音频ID,音频内容,使用拼音,包含志愿者声音,包含明显噪声,发音标准程度,认知正确性,讯飞中文语音测试结果,讯飞拼音
VE05000098,举、运动,------------------------------------------------,--------------------,--------,--------------,------------,------------,----------,---------------------,
VE05000098,举、运动,1343T0501VE05000098VE01207,运动,,,1,5,1,运动,"['yun', 'dong']"
VE05000098,举、运动,1346T0502VE05000098VE01207,运动,,,,5,1,运动,"['yun', 'dong']"
VE05000098,举、运动,1618277350113T0501VE05000098VE012071618277497434,他在运动,,,,5,1,它在运动,"['ta', 'zai', 'yun', 'dong']"
VE05000098,举、运动,1618294378869T0502VE05000098VE012071618294592150,他在锻炼,,,,5,1,他在锻炼,"['ta', 'zai', 'duan', 'lian']"
VE05000098,举、运动,1618297471484T0502VE05000098VE012071618297719263,嗯他在运动,,,,5,1,嗯他在运动,"['en', 'ta', 'zai', 'yun', 'dong']"
VE05000098,举、运动,1618298013833T0501VE05000098VE012071618298146656,嗯他在做运动,,,1,3,1,嗯还有个,"['en', 'huan', 'you', 'ge']"
VE05000098,举、运动,1618450419482T0502VE05000098VE012071618450628952,在做易动,,,,2,1,再做一道,"['zai', 'zuo', 'yi', 'dao']"
VE05000098,举、运动,1618451101330T0501VE05000098VE012071618451220900,训练呀,,,,2,1,训练呀,"['xun', 'lian', 'ya']"
VE05000098,举、运动,1618454475187T0501VE05000098VE012071618454583981,在,,,1,5,1,在,['zai']
VE05000099,放大镜,------------------------------------------------,--------------------,--------,--------------,------------,------------,----------,---------------------,
VE05000099,放大镜,1340T0503VE05000099VE00138,放大镜,,,1,5,1,放大镜,"['fang', 'da', 'jing']"
VE05000099,放大镜,1346T0502VE05000099VE00138,放大镜,,,,5,1,放大镜,"['fang', 'da', 'jing']"
VE05000099,放大镜,1618283377735T0503VE05000099VE001381618283629731,放大镜,,,,5,1,放大镜,"['fang', 'da', 'jing']"
VE05000099,放大镜,1618294378869T0502VE05000099VE001381618294584520,放大镜,,,,5,1,放大镜,"['fang', 'da', 'jing']"
VE05000099,放大镜,1618297471484T0502VE05000099VE001381618297708562,/,,,1,0,0,五,['wu']
VE05000099,放大镜,1618298310027T0503VE05000099VE001381618298487445,望远镜,,,1,5,0,望远镜,"['wang', 'yuan', 'jing']"
VE05000099,放大镜,1618450419482T0502VE05000099VE001381618450619207,这个是画大计,,,,2,1,这个是花大气,"['zhe', 'ge', 'shi', 'hua', 'da', 'qi']"
VE05000099,放大镜,1618450727708T0503VE05000099VE001381618450905901,mianmian,1,,,1,0,嗯明白,"['en', 'ming', 'bai']"
VE05000099,放大镜,1618454164862T0503VE05000099VE001381618454321317,/,,,1,0,0,,['']
VE05000100,输,------------------------------------------------,--------------------,--------,--------------,------------,------------,----------,---------------------,
VE05000100,输,1343T0501VE05000100VE01277,输啦,,,1,5,1,输了,"['shu', 'le']"
VE05000100,输,1346T0502VE05000100VE01277,输啦,,,1,5,1,输了,"['shu', 'le']"
VE05000100,输,1618277350113T0501VE05000100VE012771618277515724,嗯那个输了,,,,5,1,嗯那个输了,"['en', 'na', 'ge', 'shu', 'le']"
VE05000100,输,1618294378869T0502VE05000100VE012771618294607937,输了,,,,5,1,输了,"['shu', 'le']"
VE05000100,输,1618297471484T0502VE05000100VE012771618297735483,苏啦,,,1,3,1,输了,"['shu', 'le']"
VE05000100,输,1618298013833T0501VE05000100VE012771618298166048,额是男生,,,1,3,0,是男生,"['shi', 'nan', 'sheng']"
VE05000100,输,1618450419482T0502VE05000100VE012771618450642937,那个小朋友苏哇,,,1,3,1,好的那个，小朋友说啊,"['hao', 'de', 'na', 'ge', 'xiao', 'peng', 'you', 'shuo', 'a']"
VE05000100,输,1618451101330T0501VE05000100VE012771618451234337,赢勒,,,,3,0,嗯回答非常好，有多少时间,"['en', 'hui', 'da', 'fei', 'chang', 'hao', 'you', 'duo', 'shao', 'shi', 'jian']"
VE05000100,输,1618454475187T0501VE05000100VE012771618454607973,输啦,,,,5,1,吃了,"['chi', 'le']"
VE05000101,麻雀、鸟,------------------------------------------------,,--------,--------------,------------,------------,----------,---------------------,
VE05000101,麻雀、鸟,1342T0601VE05000101VE00595,扭,,,1,2,0,也有,"['ye', 'you']"
VE05000101,麻雀、鸟,1348T0601VE05000101VE00595,小鸟,,,1,5,1,小鸟,"['xiao', 'niao']"
VE05000101,麻雀、鸟,1618190311406T0601VE05000101VE005951618190717291,/,,,,0,0,,['']
VE05000101,麻雀、鸟,1618194328063T0601VE05000101VE005951618194560086,yao,1,,1,2,0,然后,"['ran', 'hou']"
VE05000101,麻雀、鸟,1618275375251T0505VE05000101VE005951618275609161,雀,,,,5,1,却,['que']
VE05000101,麻雀、鸟,1618276501878T0601VE05000101VE005951618276895362,麻雀,,,1,5,1,麻雀,"['ma', 'que']"
VE05000101,麻雀、鸟,1618276804004T0404VE05000101VE005951618277093558,袄,,,,0,,好,['hao']
VE05000101,麻雀、鸟,1618279332680T0601VE05000101VE005951618279611479,小鸟,,,1,5,1,小鸟,"['xiao', 'niao']"
VE05000101,麻雀、鸟,1618285767289T0404VE05000101VE005951618286022570,鸟,,,,5,1,有,['you']
VE05000101,麻雀、鸟,1618295835309T0404VE05000101VE005951618296075556,/,,,1,0,0,嗯,['en']
VE05000101,麻雀、鸟,1618296468087T0505VE05000101VE005951618296755613,芝士小鸟,,,1,3,1,只是小鸟,"['zhi', 'shi', 'xiao', 'niao']"
VE05000101,麻雀、鸟,1618449720214T0601VE05000101VE005951618450006222,这个是鸟,,,,5,1,这个是鸟,"['zhe', 'ge', 'shi', 'niao']"
VE05000101,麻雀、鸟,1618452037246T0601VE05000101VE005951618452270978,这是山犬,,,,2,0,这个是山区,"['zhe', 'ge', 'shi', 'shan', 'qu']"
VE05000101,麻雀、鸟,1618453886603T0505VE05000101VE005951618454112615,这是小鸟,,,1,4,1,这是小鸟,"['zhe', 'shi', 'xiao', 'niao']"
VE05000101,麻雀、鸟,1618455059969T0601VE05000101VE005951618455304134,一个鸟,,,1,5,1,一个鸟,"['yi', 'ge', 'niao']"
VE05000101,麻雀、鸟,1618468821499T0404VE05000101VE005951618469093489,/,,,,0,0,,['']
VE05000101,麻雀、鸟,1618469889703T0404VE05000101VE005951618470125529,嗯燕子,,,1,5,0,嗯燕子,"['en', 'yan', 'zi']"
VE05000102,铁路、轨道、铁轨,------------------------------------------------,--------------------,--------,--------------,------------,------------,----------,---------------------,
VE05000102,铁路、轨道、铁轨,1341T0602VE05000102VE00658,火车的马路,,,1,4,0,我车的满意,"['wo', 'che', 'de', 'man', 'yi']"
VE05000102,铁路、轨道、铁轨,1343T0501VE05000102VE00658,轨道,,,1,5,1,轨道,"['gui', 'dao']"
VE05000102,铁路、轨道、铁轨,1347T0605VE05000102VE00658,这是嗯轨道,,,1,5,1,这是你轨道,"['zhe', 'shi', 'ni', 'gui', 'dao']"
VE05000102,铁路、轨道、铁轨,1618189717760T0602VE05000102VE006581618189887857,火册套,,,1,2,0,,['']
VE05000102,铁路、轨道、铁轨,1618192048330T0605VE05000102VE006581618192206006,就轨道,,,1,3,1,这个轨道,"['zhe', 'ge', 'gui', 'dao']"
VE05000102,铁路、轨道、铁轨,1618192544946T0605VE05000102VE006581618192678487,zande,1,,1,2,0,真的,"['zhen', 'de']"
VE05000102,铁路、轨道、铁轨,1618193735771T0602VE05000102VE006581618193876358,火车的轨道,,,1,5,1,火车的轨道,"['huo', 'che', 'de', 'gui', 'dao']"
VE05000102,铁路、轨道、铁轨,1618196018573T0602VE05000102VE006581618196216233,轨道,,,,5,1,轨道,"['gui', 'dao']"
VE05000102,铁路、轨道、铁轨,1618277350113T0501VE05000102VE006581618277569570,这是铁轨,,,,5,1,就是铁轨,"['jiu', 'shi', 'tie', 'gui']"
VE05000102,铁路、轨道、铁轨,1618278205081T0605VE05000102VE006581618278346817,火车的，火车开的路,,,,5,0,火车的火车开的路,"['huo', 'che', 'de', 'huo', 'che', 'kai', 'de', 'lu']"
VE05000102,铁路、轨道、铁轨,1618278587855T0605VE05000102VE006581618278867264,火车的路,,,,5,0,火车的路,"['huo', 'che', 'de', 'lu']"
VE05000102,铁路、轨道、铁轨,1618279667480T0602VE05000102VE006581618279843854,额，火车道,,,,3,0,嗯我收到了,"['en', 'wo', 'shou', 'dao', 'le']"
VE05000102,铁路、轨道、铁轨,1618282675120T0602VE05000102VE006581618282831008,/,,,,0,0,,['']
VE05000102,铁路、轨道、铁轨,1618295228848T0605VE05000102VE006581618295455500,火车,,,,5,0,火车,"['huo', 'che']"
VE05000102,铁路、轨道、铁轨,1618298013833T0501VE05000102VE006581618298214901,是铁轨,,,,5,1,是铁轨,"['shi', 'tie', 'gui']"
VE05000102,铁路、轨道、铁轨,1618447854715T0605VE05000102VE006581618447989895,ao,1,,,2,0,那,['na']
VE05000102,铁路、轨道、铁轨,1618451101330T0501VE05000102VE006581618451283700,a是轨道,1,,,4,1,但是轨道,"['dan', 'shi', 'gui', 'dao']"
VE05000102,铁路、轨道、铁轨,1618451426336T0602VE05000102VE006581618451567275,woduizewozeduidao,1,,,2,1,我对着我自己的嘴巴,"['wo', 'dui', 'zhao', 'wo', 'zi', 'ji', 'de', 'zui', 'ba']"
VE05000102,铁路、轨道、铁轨,1618451774229T0605VE05000102VE006581618451895357,ao,1,,,2,0,,['']
VE05000102,铁路、轨道、铁轨,1618453029145T0602VE05000102VE006581618453170662,道,,,,4,0,到,['dao']
VE05000102,铁路、轨道、铁轨,1618453308633T0605VE05000102VE006581618453407711,铁轨,,,,5,1,铁轨,"['tie', 'gui']"
VE05000102,铁路、轨道、铁轨,1618453584002T0602VE05000102VE006581618453756554,这是铁轨,,,,5,1,这是铁轨,"['zhe', 'shi', 'tie', 'gui']"
VE05000102,铁路、轨道、铁轨,1618454475187T0501VE05000102VE006581618454652459,/,,,,0,0,那么一两个,"['na', 'me', 'yi', 'liang', 'ge']"
VE05000103,挖、铲,------------------------------------------------,--------------------,--------,--------------,------------,------------,----------,---------------------,
VE05000103,挖、铲,1341T0602VE05000103VE00196,他们在挖土,,,,5,1,他在挖土,"['ta', 'zai', 'wa', 'tu']"
VE05000103,挖、铲,1343T0501VE05000103VE00196,挖土,,,,5,1,挖土,"['wa', 'tu']"
VE05000103,挖、铲,1347T0605VE05000103VE00196,他在挖土,,,,5,1,他在挖土,"['ta', 'zai', 'wa', 'tu']"
VE05000103,挖、铲,1618189717760T0602VE05000103VE001961618189876483,挖土,,,,5,1,,['']
VE05000103,挖、铲,1618192048330T0605VE05000103VE001961618192195174,挖土,,,,5,1,挖土,"['wa', 'tu']"
VE05000103,挖、铲,1618192544946T0605VE05000103VE001961618192665142,他daidaidaidongzongzi,1,,,3,0,他的他的动作,"['ta', 'de', 'ta', 'de', 'dong', 'zuo']"
VE05000103,挖、铲,1618193735771T0602VE05000103VE001961618193867581,挖土,,,,5,1,挖土,"['wa', 'tu']"
VE05000103,挖、铲,1618196018573T0602VE05000103VE001961618196205631,嗯挖土,,,,5,1,嗯挖土,"['en', 'wa', 'tu']"
VE05000103,挖、铲,1618277350113T0501VE05000103VE001961618277555422,他在挖土,,,,5,1,它是在？,"['ta', 'shi', 'zai']"
VE05000103,挖、铲,1618278205081T0605VE05000103VE001961618278335729,他在种树,,,,5,0,他在种树,"['ta', 'zai', 'zhong', 'shu']"
VE05000103,挖、铲,1618278587855T0605VE05000103VE001961618278839989,哦在搞核桃,,,,5,0,再搞核桃,"['zai', 'gao', 'he', 'tao']"
VE05000103,挖、铲,1618279667480T0602VE05000103VE001961618279832698,挖土,,,,5,1,挖土啊,"['wa', 'tu', 'a']"
VE05000103,挖、铲,1618282675120T0602VE05000103VE001961618282822680,他在铲土,,,,5,1,那在铲土,"['na', 'zai', 'chan', 'tu']"
VE05000103,挖、铲,1618295228848T0605VE05000103VE001961618295440029,/,,,1,0,0,,['']
VE05000103,挖、铲,1618298013833T0501VE05000103VE001961618298201663,izuoweigewaxiao,1,,,2,0,这一个瓜,"['zhe', 'yi', 'ge', 'gua']"
VE05000103,挖、铲,1618447854715T0605VE05000103VE001961618447981614,土,,,,5,0,土,['tu']
VE05000103,挖、铲,1618451101330T0501VE05000103VE001961618451274252,挖土,,,,5,1,挖土,"['wa', 'tu']"
VE05000103,挖、铲,1618451426336T0602VE05000103VE001961618451555237,他在拉祖,,,,2,1,,['']
VE05000103,挖、铲,1618451774229T0605VE05000103VE001961618451887915,挖土,,,,4,1,巴图,"['ba', 'tu']"
VE05000103,挖、铲,1618453029145T0602VE05000103VE001961618453157452,他在刀他在用刀模东西,,,,3,0,他得到他才有到什么东西,"['ta', 'de', 'dao', 'ta', 'cai', 'you', 'dao', 'shen', 'me', 'dong', 'xi']"
VE05000103,挖、铲,1618453308633T0605VE05000103VE001961618453397391,他在挖土,,,,5,1,他在挖土,"['ta', 'zai', 'wa', 'tu']"
VE05000103,挖、铲,1618453584002T0602VE05000103VE001961618453743321,他在松土,,,,5,0,他在松土,"['ta', 'zai', 'song', 'tu']"
VE05000103,挖、铲,1618454475187T0501VE05000103VE001961618454642290,wu,,,,1,0,我,['wo']
VE05000104,锤子,------------------------------------------------,--------------------,--------,--------------,------------,------------,----------,---------------------,
VE05000104,锤子,1340T0503VE05000104VE00320,锤子,,,1,5,1,锤子,"['chui', 'zi']"
VE05000104,锤子,1618275375251T0505VE05000104VE003201618275578530,/,,,1,0,0,,['']
VE05000104,锤子,1618283377735T0503VE05000104VE003201618283673057,嘻,,,,1,0,,['']
VE05000104,锤子,1618296468087T0505VE05000104VE003201618296719985,这是锤子,,,1,5,1,这是锤子,"['zhe', 'shi', 'chui', 'zi']"
VE05000104,锤子,1618298310027T0503VE05000104VE003201618298532340,这,,,1,1,0,嗯,['en']
VE05000104,锤子,1618450727708T0503VE05000104VE003201618450951374,字,,,,2,0,字,['zi']
VE05000104,锤子,1618453886603T0505VE05000104VE003201618454082073,这是锤头,,,1,5,0,这是锤头,"['zhe', 'shi', 'chui', 'tou']"
VE05000104,锤子,1618454164862T0503VE05000104VE003201618454366595,锤子,,,1,4,1,锤子,"['chui', 'zi']"
VE05000105,薄,------------------------------------------------,--------------------,--------,--------------,------------,------------,----------,---------------------,
VE05000105,薄,1343T0501VE05000105VE00065,emmmm hecu,1,,,1,0,嗯很粗,"['en', 'hen', 'cu']"
VE05000105,薄,1350T0504VE05000105VE00065,不厚,,,1,5,0,读后,"['du', 'hou']"
VE05000105,薄,1618277350113T0501VE05000105VE000651618277608055,哈吸 很细,,,1,4,0,很细很细,"['hen', 'xi', 'hen', 'xi']"
VE05000105,薄,1618283790419T0504VE05000105VE000651618283966732,那本书很薄,,,,5,1,那本书很薄,"['na', 'ben', 'shu', 'hen', 'bo']"
VE05000105,薄,1618296805874T0504VE05000105VE000651618297021512,薄,,,1,5,1,好,['hao']
VE05000105,薄,1618298013833T0501VE05000105VE000651618298259838,那本是很厚,,,1,4,0,那本是,"['na', 'ben', 'shi']"
VE05000105,薄,1618450064906T0504VE05000105VE000651618450232551,很薄,,,,5,1,一个国企很薄,"['yi', 'ge', 'guo', 'qi', 'hen', 'bo']"
VE05000105,薄,1618451101330T0501VE05000105VE000651618451335459,碗,,,,2,0,唉,['ai']
VE05000105,薄,1618454475187T0501VE05000105VE000651618454688705,哈 很薄（bo）,1,,,4,1,好很薄,"['hao', 'hen', 'bo']"
VE05000105,薄,1618455362593T0504VE05000105VE000651618455493399,很 很薄,,,1,5,1,很很薄,"['hen', 'hen', 'bo']"
VE05000106,乒乓球,------------------------------------------------,--------------------,--------,--------------,------------,------------,----------,---------------------,
VE05000106,乒乓球,1341T0602VE05000106VE01006,乒乓球,,,1,5,1,乒乓球,"['ping', 'pang', 'qiu']"
VE05000106,乒乓球,1343T0501VE05000106VE01006,乒乓愁,,,1,3,1,乒乓球,"['ping', 'pang', 'qiu']"
VE05000106,乒乓球,1344T0604VE05000106VE01006,乒乓穷,,,1,3,1,乒乓球,"['ping', 'pang', 'qiu']"
VE05000106,乒乓球,1618189717760T0602VE05000106VE010061618189836855,乒乓球 ,,,1,5,1,,['']
VE05000106,乒乓球,1618191717238T0604VE05000106VE010061618191863854,批乓球,,,1,3,1,乒乓球,"['ping', 'pang', 'qiu']"
VE05000106,乒乓球,1618193100995T0604VE05000106VE010061618193266811,球,,,1,5,0,要求,"['yao', 'qiu']"
VE05000106,乒乓球,1618193735771T0602VE05000106VE010061618193835766,乒乓球,,,1,5,1,乒乓球,"['ping', 'pang', 'qiu']"
VE05000106,乒乓球,1618196018573T0602VE05000106VE010061618196177533,乒乓球拍,,,,4,1,乒乓球拍,"['ping', 'pang', 'qiu', 'pai']"
VE05000106,乒乓球,1618275960253T0604VE05000106VE010061618276105274,/,,,1,0,0,嗯,['en']
VE05000106,乒乓球,1618277350113T0501VE05000106VE010061618277523436,这是乒乓球的,,,1,3,1,这是、乒乓球的,"['zhe', 'shi', 'ping', 'pang', 'qiu', 'de']"
VE05000106,乒乓球,1618279667480T0602VE05000106VE010061618279800387,乒乓板,,,,4,0,乒乓板,"['ping', 'pang', 'ban']"
VE05000106,乒乓球,1618280905927T0604VE05000106VE010061618281041590,这是乒乓球,,,1,5,1,这是乒乓球,"['zhe', 'shi', 'ping', 'pang', 'qiu']"
VE05000106,乒乓球,1618282136024T0604VE05000106VE010061618282279119,批啪球,,,,3,1,球,['qiu']
VE05000106,乒乓球,1618282675120T0602VE05000106VE010061618282800992,挨,,,,2,0,唉,['ai']
VE05000106,乒乓球,1618295615703T0604VE05000106VE010061618295791330,乒乓球,,,1,5,1,乒乓球,"['ping', 'pang', 'qiu']"
VE05000106,乒乓球,1618298013833T0501VE05000106VE010061618298173550,deshi tingdengqiu,,,1,2,0,但是停灯球,"['dan', 'shi', 'ting', 'deng', 'qiu']"
VE05000106,乒乓球,1618448900511T0604VE05000106VE010061618449033069,哦,,,,1,0,好,['hao']
VE05000106,乒乓球,1618451101330T0501VE05000106VE010061618451243476,嗯 排球,,,,5,0,嗯排球,"['en', 'pai', 'qiu']"
VE05000106,乒乓球,1618451426336T0602VE05000106VE010061618451526670,乒乓球掰,,,,3,1,,['']
VE05000106,乒乓球,1618452740249T0604VE05000106VE010061618452866266,乒乓球拍,,,1,5,1,乒乓球拍,"['ping', 'pang', 'qiu', 'pai']"
VE05000106,乒乓球,1618453029145T0602VE05000106VE010061618453129924,棒球,,,,3,0,大球,"['da', 'qiu']"
VE05000106,乒乓球,1618453584002T0602VE05000106VE010061618453705926,一个菜刀,,,1,4,0,一个菜刀,"['yi', 'ge', 'cai', 'dao']"
VE05000106,乒乓球,1618454475187T0501VE05000106VE010061618454614409,一大,,,,2,0,你打,"['ni', 'da']"
VE05000106,乒乓球,1618455677099T0604VE05000106VE010061618455787413,这是 拍子,,,1,4,0,这是，牌子,"['zhe', 'shi', 'pai', 'zi']"
VE05000107,毛笔,------------------------------------------------,--------------------,--------,--------------,------------,------------,----------,---------------------,
VE05000107,毛笔,1341T0602VE05000107VE00318,毛笔字,,,1,4,0,有品质,"['you', 'pin', 'zhi']"
VE05000107,毛笔,1343T0501VE05000107VE00318,这个,,,1,4,0,这个,"['zhe', 'ge']"
VE05000107,毛笔,1344T0604VE05000107VE00318,毛笔,,,1,5,1,,['']
VE05000107,毛笔,1618189717760T0602VE05000107VE003181618189853364,毛笔,,,1,5,1,毛笔,"['mao', 'bi']"
VE05000107,毛笔,1618191717238T0604VE05000107VE003181618191870289,这个是写完字的,,,1,4,0,这个是小娃子的,"['zhe', 'ge', 'shi', 'xiao', 'wa', 'zi', 'de']"
VE05000107,毛笔,1618193100995T0604VE05000107VE003181618193270796,是毛笔,,,1,5,1,这不是毛笔,"['zhe', 'bu', 'shi', 'mao', 'bi']"
VE05000107,毛笔,1618193735771T0602VE05000107VE003181618193842634,毛笔 ,,,1,5,1,毛笔,"['mao', 'bi']"
VE05000107,毛笔,1618196018573T0602VE05000107VE003181618196185104,毛笔,,,1,5,1,毛笔,"['mao', 'bi']"
VE05000107,毛笔,1618275960253T0604VE05000107VE003181618276114893,笔,,,1,5,0,比,['bi']
VE05000107,毛笔,1618277350113T0501VE05000107VE003181618277528743,这是毛笔,,,,5,1,这是毛笔,"['zhe', 'shi', 'mao', 'bi']"
VE05000107,毛笔,1618279667480T0602VE05000107VE003181618279807185,毛笔,,,1,5,1,毛笔,"['mao', 'bi']"
VE05000107,毛笔,1618280905927T0604VE05000107VE003181618281049089,毛笔,,,1,5,1,这是毛笔,"['zhe', 'shi', 'mao', 'bi']"
VE05000107,毛笔,1618282136024T0604VE05000107VE003181618282286392,/,,,,0,0,,['']
VE05000107,毛笔,1618282675120T0602VE05000107VE003181618282806445,已,,,,2,0,,['']
VE05000107,毛笔,1618295615703T0604VE05000107VE003181618295799362,这是毛笔,,,1,5,1,这是毛笔,"['zhe', 'shi', 'mao', 'bi']"
VE05000107,毛笔,1618298013833T0501VE05000107VE003181618298179144,笔,,,1,5,0,比,['bi']
VE05000107,毛笔,1618448900511T0604VE05000107VE003181618449042548,毛笔,,,1,5,1,毛笔,"['mao', 'bi']"
VE05000107,毛笔,1618451101330T0501VE05000107VE003181618451249604,毛笔,,,,4,1,毛笔,"['mao', 'bi']"
VE05000107,毛笔,1618451426336T0602VE05000107VE003181618451533121,毛笔,,,,5,1,毛笔,"['mao', 'bi']"
VE05000107,毛笔,1618452740249T0604VE05000107VE003181618452872378,毛笔,,,,5,1,毛笔,"['mao', 'bi']"
VE05000107,毛笔,1618453029145T0602VE05000107VE003181618453134904,毛笔,,,1,5,1,毛笔,"['mao', 'bi']"
VE05000107,毛笔,1618453584002T0602VE05000107VE003181618453710960,一个笔,,,1,5,0,一个比,"['yi', 'ge', 'bi']"
VE05000107,毛笔,1618454475187T0501VE05000107VE003181618454618351,毛笔,,,,5,1,毛笔,"['mao', 'bi']"
VE05000107,毛笔,1618455677099T0604VE05000107VE003181618455795511,是毛笔,,,,5,1,这是、毛笔,"['zhe', 'shi', 'mao', 'bi']"
VE05000108,胡须、胡子,------------------------------------------------,--------------------,--------,--------------,------------,------------,----------,---------------------,
VE05000108,胡须、胡子,1343T0501VE05000108VE00419,胡子,,,,5,1,胡子,"['hu', 'zi']"
VE05000108,胡须、胡子,1350T0504VE05000108VE00419,嗯 胡子,,,1,5,1,嗯胡子,"['en', 'hu', 'zi']"
VE05000108,胡须、胡子,1618277350113T0501VE05000108VE004191618277596979,是胡子,,,,4,1,就是胡子,"['jiu', 'shi', 'hu', 'zi']"
VE05000108,胡须、胡子,1618283790419T0504VE05000108VE004191618283952384,这是胡子,,,,5,1,这是胡子,"['zhe', 'shi', 'hu', 'zi']"
VE05000108,胡须、胡子,1618296805874T0504VE05000108VE004191618297006116,胡须,,,1,5,1,胡须,"['hu', 'xu']"
VE05000108,胡须、胡子,1618298013833T0501VE05000108VE004191618298245711,这是皮 皮,,,1,5,0,这是、皮皮,"['zhe', 'shi', 'pi', 'pi']"
VE05000108,胡须、胡子,1618450064906T0504VE05000108VE004191618450219686,胡子,,,,5,1,胡子,"['hu', 'zi']"
VE05000108,胡须、胡子,1618451101330T0501VE05000108VE004191618451320947,大胡子,,,1,5,1,大胡子,"['da', 'hu', 'zi']"
VE05000108,胡须、胡子,1618454475187T0501VE05000108VE004191618454677856,胡子,,,,5,1,胡子,"['hu', 'zi']"
VE05000108,胡须、胡子,1618455362593T0504VE05000108VE004191618455481375,胡子,,,,5,1,胡子,"['hu', 'zi']"
VE05000109,鼻子、鼻孔、鼻梁、鼻腔,------------------------------------------------,--------------------,--------,--------------,------------,------------,----------,---------------------,
VE05000109,鼻子、鼻孔、鼻梁、鼻腔,1350T0504VE05000109VE01058,鼻子,,,,5,1,鼻子,"['bi', 'zi']"
VE05000109,鼻子、鼻孔、鼻梁、鼻腔,1618275375251T0505VE05000109VE010581618275550077,鼻子,,,1,5,1,鼻子,"['bi', 'zi']"
VE05000109,鼻子、鼻孔、鼻梁、鼻腔,1618283790419T0504VE05000109VE010581618284004680,这是鼻子,,,,5,1,这是鼻子,"['zhe', 'shi', 'bi', 'zi']"
VE05000109,鼻子、鼻孔、鼻梁、鼻腔,1618296468087T0505VE05000109VE010581618296682199,这是鼻子,,,1,5,1,这是鼻子,"['zhe', 'shi', 'bi', 'zi']"
VE05000109,鼻子、鼻孔、鼻梁、鼻腔,1618296805874T0504VE05000109VE010581618297052601,则是鼻子,,,1,4,1,这是鼻子,"['zhe', 'shi', 'bi', 'zi']"
VE05000109,鼻子、鼻孔、鼻梁、鼻腔,1618450064906T0504VE05000109VE010581618450263732,是鼻子,,,,5,1,这是、鼻子,"['zhe', 'shi', 'bi', 'zi']"
VE05000109,鼻子、鼻孔、鼻梁、鼻腔,1618453886603T0505VE05000109VE010581618454048703,是鼻子,,,,5,1,这是鼻子,"['zhe', 'shi', 'bi', 'zi']"
VE05000109,鼻子、鼻孔、鼻梁、鼻腔,1618455362593T0504VE05000109VE010581618455521671,鼻子,,,1,5,1,鼻子,"['bi', 'zi']"
VE05000110,蜗牛,------------------------------------------------,--------------------,--------,--------------,------------,------------,----------,---------------------,
VE05000110,蜗牛,1343T0501VE05000110VE00011,蜗牛,,,,5,1,蜗牛,"['gua', 'niu']"
VE05000110,蜗牛,1350T0504VE05000110VE00011,蜗牛,,,,4,1,光明路,"['guang', 'ming', 'lu']"
VE05000110,蜗牛,1618277350113T0501VE05000110VE000111618277600802,蜗牛,,,1,4,1,,['']
VE05000110,蜗牛,1618283790419T0504VE05000110VE000111618283957932,这是蜗牛,,,,5,1,这是,"['zhe', 'shi']"
VE05000110,蜗牛,1618296805874T0504VE05000110VE000111618297011453,蜗牛,,,1,5,1,蜗牛,"['gua', 'niu']"
VE05000110,蜗牛,1618298013833T0501VE05000110VE000111618298251291,摸油,,,1,3,1,没有,"['mei', 'you']"
VE05000110,蜗牛,1618450064906T0504VE05000110VE000111618450223642,蜗牛,,,,5,1,我女儿,"['wo', 'nv', 'er']"
VE05000110,蜗牛,1618451101330T0501VE05000110VE000111618451326568,蜗牛,,,,5,1,蜗牛,"['gua', 'niu']"
VE05000110,蜗牛,1618454475187T0501VE05000110VE000111618454681467,蜗牛,,,,5,1,蜗牛,"['gua', 'niu']"
VE05000110,蜗牛,1618455362593T0504VE05000110VE000111618455485098,蜗牛,,,,5,1,我女儿,"['wo', 'nv', 'er']"
VE05000111,袖子,------------------------------------------------,--------------------,--------,--------------,------------,------------,----------,---------------------,
VE05000111,袖子,1343T0501VE05000111VE00802,嗯 这是 衣服,,,1,5,0,嗯这是、衣服,"['en', 'zhe', 'shi', 'yi', 'fu']"
VE05000111,袖子,1346T0502VE05000111VE00802,袖子,,,1,5,1,袖子,"['xiu', 'zi']"
VE05000111,袖子,1618277350113T0501VE05000111VE008021618277510114,这是衣服,,,1,5,0,这是、衣服,"['zhe', 'shi', 'yi', 'fu']"
VE05000111,袖子,1618294378869T0502VE05000111VE008021618294604052,这是袖子,,,,5,1,这是袖子,"['zhe', 'shi', 'xiu', 'zi']"
VE05000111,袖子,1618297471484T0502VE05000111VE008021618297730946,/,,,1,0,0,谁知,"['shui', 'zhi']"
VE05000111,袖子,1618298013833T0501VE05000111VE008021618298159841,嗯 这个是衣乎,,,1,3,0,嗯这也是一会儿,"['en', 'zhe', 'ye', 'shi', 'yi', 'hui', 'er']"
VE05000111,袖子,1618450419482T0502VE05000111VE008021618450638016,这个是衣服,,,,4,0,这个是衣服,"['zhe', 'ge', 'shi', 'yi', 'fu']"
VE05000111,袖子,1618451101330T0501VE05000111VE008021618451229954,手臂,,,,5,0,手臂,"['shou', 'bi']"
VE05000111,袖子,1618454475187T0501VE05000111VE008021618454603967,柚子,,,,3,1,这样子,"['zhe', 'yang', 'zi']"
VE05000112,红色,------------------------------------------------,--------------------,--------,--------------,------------,------------,----------,---------------------,
VE05000112,红色,1340T0503VE05000112VE00062,红色,,,1,5,1,红色,"['hong', 'se']"
VE05000112,红色,1343T0501VE05000112VE00062,红色,,,1,5,1,红色,"['hong', 'se']"
VE05000112,红色,1350T0504VE05000112VE00062,红色,,,1,4,1,红色,"['hong', 'se']"
VE05000112,红色,1618277350113T0501VE05000112VE000621618277591744,是红色,,,1,4,1,吃了红色,"['chi', 'le', 'hong', 'se']"
VE05000112,红色,1618283377735T0503VE05000112VE000621618283654693,红色,,,1,5,1,红色,"['hong', 'se']"
VE05000112,红色,1618283790419T0504VE05000112VE000621618283945396,这是红色 ,,,1,5,1,这是红色,"['zhe', 'shi', 'hong', 'se']"
VE05000112,红色,1618296805874T0504VE05000112VE000621618297001037,红色,,,1,5,1,红色,"['hong', 'se']"
VE05000112,红色,1618298013833T0501VE05000112VE000621618298239590,是和 圆圆的红色,,,1,3,1,之后人员的红色,"['zhi', 'hou', 'ren', 'yuan', 'de', 'hong', 'se']"
VE05000112,红色,1618298310027T0503VE05000112VE000621618298516263,红色,,,1,4,1,等一下,"['deng', 'yi', 'xia']"
VE05000112,红色,1618450064906T0504VE05000112VE000621618450215099,色,,,,5,0,是啊,"['shi', 'a']"
VE05000112,红色,1618450727708T0503VE05000112VE000621618450934087,/,,,,0,0,,['']
VE05000112,红色,1618451101330T0501VE05000112VE000621618451316747,红射,,,1,3,1,红色,"['hong', 'se']"
VE05000112,红色,1618454164862T0503VE05000112VE000621618454349644,红色,,,1,4,1,红色,"['hong', 'se']"
VE05000112,红色,1618454475187T0501VE05000112VE000621618454672930,色,,,,5,0,是啊,"['shi', 'a']"
VE05000112,红色,1618455362593T0504VE05000112VE000621618455477150,红丝,,,1,3,1,可是,"['ke', 'shi']"
VE05000113,演唱、唱歌,------------------------------------------------,--------------------,--------,--------------,------------,------------,----------,---------------------,
VE05000113,演唱、唱歌,1350T0504VE05000113VE01030,唱歌,,,1,3,1,唱歌,"['chang', 'ge']"
VE05000113,演唱、唱歌,1618275375251T0505VE05000113VE010301618275558352,在唱歌,,,1,3,1,在唱歌,"['zai', 'chang', 'ge']"
VE05000113,演唱、唱歌,1618283790419T0504VE05000113VE010301618284015341,他在唱歌,,,,5,1,他在唱歌,"['ta', 'zai', 'chang', 'ge']"
VE05000113,演唱、唱歌,1618296468087T0505VE05000113VE010301618296694809,他在唱歌,,,,5,1,他在唱歌,"['ta', 'zai', 'chang', 'ge']"
VE05000113,演唱、唱歌,1618296805874T0504VE05000113VE010301618297065442,他在唱歌,,,1,3,1,他在唱歌,"['ta', 'zai', 'chang', 'ge']"
VE05000113,演唱、唱歌,1618450064906T0504VE05000113VE010301618450274129,在唱嘚,,,,3,1,在唱的,"['zai', 'chang', 'de']"
VE05000113,演唱、唱歌,1618453886603T0505VE05000113VE010301618454057656,在唱歌,,,,5,1,在唱歌,"['zai', 'chang', 'ge']"
VE05000113,演唱、唱歌,1618455362593T0504VE05000113VE010301618455531081,烫歌,,,,3,1,唱歌,"['chang', 'ge']"
VE05000114,厨师、主厨,------------------------------------------------,--------------------,--------,--------------,------------,------------,----------,---------------------,
VE05000114,厨师、主厨,1343T0501VE05000114VE01103,厨师,,,,5,1,厨师,"['chu', 'shi']"
VE05000114,厨师、主厨,1350T0504VE05000114VE01103,徂丝,,,,3,1,厨师,"['chu', 'shi']"
VE05000114,厨师、主厨,1618277350113T0501VE05000114VE011031618277604369,他是厨丝,,,,3,1,,['']
VE05000114,厨师、主厨,1618283790419T0504VE05000114VE011031618283962499,他是厨师,,,,5,1,他是厨师,"['ta', 'shi', 'chu', 'shi']"
VE05000114,厨师、主厨,1618296805874T0504VE05000114VE011031618297016660,厨丝,,,1,3,1,厨师,"['chu', 'shi']"
VE05000114,厨师、主厨,1618298013833T0501VE05000114VE011031618298256019,他是厨师,,,1,5,1,他是图书,"['ta', 'shi', 'tu', 'shu']"
VE05000114,厨师、主厨,1618450064906T0504VE05000114VE011031618450227973,他是厨师,,,,5,1,他是厨师,"['ta', 'shi', 'chu', 'shi']"
VE05000114,厨师、主厨,1618451101330T0501VE05000114VE011031618451331653,厨丝,,,,3,1,厨师,"['chu', 'shi']"
VE05000114,厨师、主厨,1618454475187T0501VE05000114VE011031618454685267,厨师,,,,5,1,厨师,"['chu', 'shi']"
VE05000114,厨师、主厨,1618455362593T0504VE05000114VE011031618455489834,厨丝,,,,3,1,不是啊,"['bu', 'shi', 'a']"
VE05000115,运动鞋、网球鞋、鞋子、皮鞋,------------------------------------------------,--------------------,--------,--------------,------------,------------,----------,---------------------,
VE05000115,运动鞋、网球鞋、鞋子、皮鞋,1340T0503VE05000115VE00745,鞋子,,,1,5,1,鞋子,"['xie', 'zi']"
VE05000115,运动鞋、网球鞋、鞋子、皮鞋,1618275375251T0505VE05000115VE007451618275571634,字,,,,2,0,儿子,"['er', 'zi']"
VE05000115,运动鞋、网球鞋、鞋子、皮鞋,1618283377735T0503VE05000115VE007451618283664009,鞋子,,,1,4,1,喜儿子,"['xi', 'er', 'zi']"
VE05000115,运动鞋、网球鞋、鞋子、皮鞋,1618296468087T0505VE05000115VE007451618296708994,这是席子,,,1,3,1,这是鞋子,"['zhe', 'shi', 'xie', 'zi']"
VE05000115,运动鞋、网球鞋、鞋子、皮鞋,1618298310027T0503VE05000115VE007451618298524417,拖鞋,,,1,4,0,我喜,"['wo', 'xi']"
VE05000115,运动鞋、网球鞋、鞋子、皮鞋,1618450727708T0503VE05000115VE007451618450942249,/,,,,0,0,,['']
VE05000115,运动鞋、网球鞋、鞋子、皮鞋,1618453886603T0505VE05000115VE007451618454073812,鞋子,,,,4,1,鞋子,"['xie', 'zi']"
VE05000115,运动鞋、网球鞋、鞋子、皮鞋,1618454164862T0503VE05000115VE007451618454357890,子,,,1,4,0,嗯,['en']
VE05000116,农场,------------------------------------------------,--------------------,--------,--------------,------------,------------,----------,---------------------,
VE05000116,农场,1343T0501VE05000116VE01014,农场,,,1,5,1,农场,"['nong', 'chang']"
VE05000116,农场,1350T0504VE05000116VE01014,嗯 田地,,,1,5,0,嗯前前几,"['en', 'qian', 'qian', 'ji']"
VE05000116,农场,1618277350113T0501VE05000116VE010141618277587482,这是农场,,,1,5,1,但是农场,"['dan', 'shi', 'nong', 'chang']"
VE05000116,农场,1618283377735T0503VE05000116VE010141618283649330,嗯 农场,,,1,5,1,农产,"['nong', 'chan']"
VE05000116,农场,1618283790419T0504VE05000116VE010141618283939041,这是,,,1,5,0,这是,"['zhe', 'shi']"
VE05000116,农场,1618296805874T0504VE05000116VE010141618296993037,这你是 农田,,,1,3,0,这里是农田,"['zhe', 'li', 'shi', 'nong', 'tian']"
VE05000116,农场,1618298013833T0501VE05000116VE010141618298233716,这是棒子 草地,,,1,3,0,就是房子、草地,"['jiu', 'shi', 'fang', 'zi', 'cao', 'di']"
VE05000116,农场,1618298310027T0503VE05000116VE010141618298510601,/,,,1,0,0,谁知,"['shui', 'zhi']"
VE05000116,农场,1618450064906T0504VE05000116VE010141618450210628,/,,,,0,0,,['']
VE05000116,农场,1618450727708T0503VE05000116VE010141618450929465,农场,,,1,5,1,红茶,"['hong', 'cha']"
VE05000116,农场,1618451101330T0501VE05000116VE010141618451312077,nongcang,1,,,3,1,农场,"['nong', 'chang']"
VE05000116,农场,1618454164862T0503VE05000116VE010141618454345103,农村,,,1,5,0,农村,"['nong', 'cun']"
VE05000116,农场,1618454475187T0501VE05000116VE010141618454667704,田地,,,,5,0,田地,"['tian', 'di']"
VE05000116,农场,1618455362593T0504VE05000116VE010141618455473374,nongcang,,,1,3,1,工厂,"['gong', 'chang']"
VE05000117,蜻蜓,------------------------------------------------,--------------------,--------,--------------,------------,------------,----------,---------------------,
VE05000117,蜻蜓,1340T0503VE05000117VE00046,/,,,1,0,0,嗯嗯嗯,"['en', 'en', 'en']"
VE05000117,蜻蜓,1343T0501VE05000117VE00046,蜜蜂,,,1,4,0,密封,"['mi', 'feng']"
VE05000117,蜻蜓,1350T0504VE05000117VE00046,嗯 蚊子,,,1,5,0,嗯蚊子,"['en', 'wen', 'zi']"
VE05000117,蜻蜓,1618277350113T0501VE05000117VE000461618277582817,蜂,,,1,3,0,一分,"['yi', 'fen']"
VE05000117,蜻蜓,1618283377735T0503VE05000117VE000461618283644400,一个蚊子,,,1,5,0,一个文字,"['yi', 'ge', 'wen', 'zi']"
VE05000117,蜻蜓,1618283790419T0504VE05000117VE000461618283934339,这是蜻蜓,,,1,5,1,这是天庭,"['zhe', 'shi', 'tian', 'ting']"
VE05000117,蜻蜓,1618296805874T0504VE05000117VE000461618296986732,则四蜻蜓,,,1,3,1,这是蜻蜓,"['zhe', 'shi', 'qing', 'ting']"
VE05000117,蜻蜓,1618298013833T0501VE05000117VE000461618298226702,这是皮穷,,,1,2,0,这是皮穷,"['zhe', 'shi', 'pi', 'qiong']"
VE05000117,蜻蜓,1618298310027T0503VE05000117VE000461618298506109,蜻蜓,,,1,3,1,天体,"['tian', 'ti']"
VE05000117,蜻蜓,1618450064906T0504VE05000117VE000461618450204784,蚊子,,,,5,0,,['']
VE05000117,蜻蜓,1618450727708T0503VE05000117VE000461618450924646,蜻蜓,,,,5,1,清晨,"['qing', 'chen']"
VE05000117,蜻蜓,1618451101330T0501VE05000117VE000461618451308273,分,,,,4,0,分,['fen']
VE05000117,蜻蜓,1618454164862T0503VE05000117VE000461618454339340,蜻蜓,,,1,5,1,青皮,"['qing', 'pi']"
VE05000117,蜻蜓,1618454475187T0501VE05000117VE000461618454664188,蜻蜓,,,,4,1,姓田,"['xing', 'tian']"
VE05000117,蜻蜓,1618455362593T0504VE05000117VE000461618455469544,蜻蜓,,,,4,1,,['']
VE05000118,紫色,------------------------------------------------,--------------------,--------,--------------,------------,------------,----------,---------------------,
VE05000118,紫色,1340T0503VE05000118VE00019,紫色,,,1,5,1,紫色,"['zi', 'se']"
VE05000118,紫色,1346T0502VE05000118VE00019,色,,,,4,0,嗯,['en']
VE05000118,紫色,1618283377735T0503VE05000118VE000191618283620877,紫色,,,1,5,1,紫色,"['zi', 'se']"
VE05000118,紫色,1618294378869T0502VE05000118VE000191618294573869,紫色,,,,5,1,紫色,"['zi', 'se']"
VE05000118,紫色,1618297471484T0502VE05000118VE000191618297696253,紫色,,,,5,1,紫色,"['zi', 'se']"
VE05000118,紫色,1618298310027T0503VE05000118VE000191618298477591,纸舍,,,,3,1,紫色,"['zi', 'se']"
VE05000118,紫色,1618450419482T0502VE05000118VE000191618450608294,这个是紫色,,,,5,1,这个是紫色,"['zhe', 'ge', 'shi', 'zi', 'se']"
VE05000118,紫色,1618450727708T0503VE05000118VE000191618450894496,额,,,,2,0,嗯,['en']
VE05000118,紫色,1618454164862T0503VE05000118VE000191618454309857,紫色,,,1,5,1,次,['ci']
VE05000119,咬,------------------------------------------------,--------------------,--------,--------------,------------,------------,----------,---------------------,
VE05000119,咬,1350T0504VE05000119VE00410,吃苹果,,,,3,0,吃苹果,"['chi', 'ping', 'guo']"
VE05000119,咬,1618275375251T0505VE05000119VE004101618275545047,在吃东西 ,,,,4,0,在吃东西,"['zai', 'chi', 'dong', 'xi']"
VE05000119,咬,1618283790419T0504VE05000119VE004101618283999731,他在吃苹果,,,,5,0,他在吃苹果,"['ta', 'zai', 'chi', 'ping', 'guo']"
VE05000119,咬,1618296468087T0505VE05000119VE004101618296676873,他在吃苹果,,,,5,0,他在吃苹果,"['ta', 'zai', 'chi', 'ping', 'guo']"
VE05000119,咬,1618296805874T0504VE05000119VE004101618297046494,他在咬苹果,,,,5,1,他在咬苹果,"['ta', 'zai', 'yao', 'ping', 'guo']"
VE05000119,咬,1618450064906T0504VE05000119VE004101618450259060,他在吃苹朵,,,,3,0,他在吃品种啊,"['ta', 'zai', 'chi', 'pin', 'zhong', 'a']"
VE05000119,咬,1618453886603T0505VE05000119VE004101618454044254,吃苹果,,,1,5,0,吃苹果,"['chi', 'ping', 'guo']"
VE05000119,咬,1618455362593T0504VE05000119VE004101618455516191,他债次苹,,,1,3,0,他在吃苹果,"['ta', 'zai', 'chi', 'ping', 'guo']"
VE05000120,抽屉,------------------------------------------------,--------------------,--------,--------------,------------,------------,----------,---------------------,
VE05000120,抽屉,1340T0503VE05000120VE00039,柜子,,,1,5,0,,['']
VE05000120,抽屉,1618275375251T0505VE05000120VE000391618275568366,欧屉,,,,3,1,,['']
VE05000120,抽屉,1618283377735T0503VE05000120VE000391618283659755,抽屉,,,1,5,1,抽屉,"['chou', 'ti']"
VE05000120,抽屉,1618296468087T0505VE05000120VE000391618296704762,这是抽屉,,,,5,1,这是抽屉,"['zhe', 'shi', 'chou', 'ti']"
VE05000120,抽屉,1618298310027T0503VE05000120VE000391618298520561,柜子,,,1,5,0,,['']
VE05000120,抽屉,1618450727708T0503VE05000120VE000391618450938446,屉,,,,5,0,且,['qie']
VE05000120,抽屉,1618453886603T0505VE05000120VE000391618454069892,这是抽屉,,,,5,1,这是、抽屉,"['zhe', 'shi', 'chou', 'ti']"
VE05000120,抽屉,1618454164862T0503VE05000120VE000391618454354302,诶次,,,1,1,0,为此,"['wei', 'ci']"
VE05000121,座,------------------------------------------------,--------------------,--------,--------------,------------,------------,----------,---------------------,
VE05000121,座,1350T0504VE05000121VE00681,暂不是一棵一棵的,,,,3,0,但不是一颗一颗的,"['dan', 'bu', 'shi', 'yi', 'ke', 'yi', 'ke', 'de']"
VE05000121,座,1618275375251T0505VE05000121VE006811618275535768,是一座一座的,,,,5,1,是一座一座的,"['shi', 'yi', 'zuo', 'yi', 'zuo', 'de']"
VE05000121,座,1618283790419T0504VE05000121VE006811618283986604,山是连在,,,1,4,0,年这是是,"['nian', 'zhe', 'shi', 'shi']"
VE05000121,座,1618296468087T0505VE05000121VE006811618296667729,三是很高的,,,1,3,0,三是很高的,"['san', 'shi', 'hen', 'gao', 'de']"
VE05000121,座,1618296805874T0504VE05000121VE006811618297037567,三是一幢一幢的,,,,3,0,三是幢幢的,"['san', 'shi', 'zhuang', 'zhuang', 'de']"
VE05000121,座,1618450064906T0504VE05000121VE006811618450251615,是很大的,,,,5,0,是很大的,"['shi', 'hen', 'da', 'de']"
VE05000121,座,1618453886603T0505VE05000121VE006811618454034474,山是一幢一幢的,,,1,5,0,山是幢幢的,"['shan', 'shi', 'zhuang', 'zhuang', 'de']"
VE05000121,座,1618455362593T0504VE05000121VE006811618455508577,三是一个,,,1,3,0,个,['ge']
VE05000122,叼,------------------------------------------------,--------------------,--------,--------------,------------,------------,----------,---------------------,
VE05000122,叼,1350T0504VE05000122VE00479,抢骨头,,,1,5,0,小骨头,"['xiao', 'gu', 'tou']"
VE05000122,叼,1618275375251T0505VE05000122VE004791618275526728,它在吃骨头,,,1,5,0,他在吃骨头,"['ta', 'zai', 'chi', 'gu', 'tou']"
VE05000122,叼,1618283790419T0504VE05000122VE004791618283973767,它 在吃骨头,,,1,5,0,他在吃骨头,"['ta', 'zai', 'chi', 'gu', 'tou']"
VE05000122,叼,1618296468087T0505VE05000122VE004791618296656586,它在吃骨头,,,1,5,0,他在吃骨头,"['ta', 'zai', 'chi', 'gu', 'tou']"
VE05000122,叼,1618296805874T0504VE05000122VE004791618297027092,咬骨头,,,1,5,0,咬骨头,"['yao', 'gu', 'tou']"
VE05000122,叼,1618450064906T0504VE05000122VE004791618450240514,带吃读头,,,,3,0,带吃独特,"['dai', 'chi', 'du', 'te']"
VE05000122,叼,1618453886603T0505VE05000122VE004791618454023984,这个小狗在吃骨头,,,,5,0,这个小狗在吃骨头,"['zhe', 'ge', 'xiao', 'gou', 'zai', 'chi', 'gu', 'tou']"
VE05000122,叼,1618455362593T0504VE05000122VE004791618455500014,次骨头,,,,3,0,吃骨头,"['chi', 'gu', 'tou']"
VE05000123,花园、花圃、苗圃,------------------------------------------------,--------------------,--------,--------------,------------,------------,----------,---------------------,
VE05000123,花园、花圃、苗圃,1350T0504VE05000123VE01222,嗯,,,,5,0,嗯,['en']
VE05000123,花园、花圃、苗圃,1618275375251T0505VE05000123VE012221618275531948,花园,,,,5,1,花园,"['hua', 'yuan']"
VE05000123,花园、花圃、苗圃,1618283790419T0504VE05000123VE012221618283981407,这是 花园,,,,5,1,这是花园,"['zhe', 'shi', 'hua', 'yuan']"
VE05000123,花园、花圃、苗圃,1618296468087T0505VE05000123VE012221618296662821,这是公园,,,,5,0,这是公务员,"['zhe', 'shi', 'gong', 'wu', 'yuan']"
VE05000123,花园、花圃、苗圃,1618296805874T0504VE05000123VE012221618297032409,花园,,,,5,1,花园,"['hua', 'yuan']"
VE05000123,花园、花圃、苗圃,1618450064906T0504VE05000123VE012221618450247110,这是花园,,,,5,1,这是、花园,"['zhe', 'shi', 'hua', 'yuan']"
VE05000123,花园、花圃、苗圃,1618453886603T0505VE05000123VE012221618454029630,/,,,,0,0,,['']
VE05000123,花园、花圃、苗圃,1618455362593T0504VE05000123VE012221618455504101,花园,,,,5,1,花园,"['hua', 'yuan']"
VE05000124,挤、挤压,------------------------------------------------,--------------------,--------,--------------,------------,------------,----------,---------------------,
VE05000124,挤、挤压,1340T0503VE05000124VE00880,挤牙膏,,,1,5,1,挤牙膏,"['ji', 'ya', 'gao']"
VE05000124,挤、挤压,1618275375251T0505VE05000124VE008801618275574856,在挤牙膏,,,1,5,1,再挤牙膏,"['zai', 'ji', 'ya', 'gao']"
VE05000124,挤、挤压,1618283377735T0503VE05000124VE008801618283667943,他在挤牙膏,,,1,5,1,它在挤牙膏,"['ta', 'zai', 'ji', 'ya', 'gao']"
VE05000124,挤、挤压,1618296468087T0505VE05000124VE008801618296714661,他在挤牙膏,,,1,5,1,他在挤牙膏,"['ta', 'zai', 'ji', 'ya', 'gao']"
VE05000124,挤、挤压,1618298310027T0503VE05000124VE008801618298528091,挤牙膏,,,1,5,1,挤牙膏,"['ji', 'ya', 'gao']"
VE05000124,挤、挤压,1618450727708T0503VE05000124VE008801618450946674,在刷牙,,,,5,0,是刷牙,"['shi', 'shua', 'ya']"
VE05000124,挤、挤压,1618453886603T0505VE05000124VE008801618454077685,倚牙膏,,,,3,1,比牙膏,"['bi', 'ya', 'gao']"
VE05000124,挤、挤压,1618454164862T0503VE05000124VE008801618454361911,挤牙膏,,,1,5,1,挤牙膏,"['ji', 'ya', 'gao']"
VE05000125,迟、晚,------------------------------------------------,--------------------,--------,--------------,------------,------------,----------,---------------------,
VE05000125,迟、晚,1340T0503VE05000125VE01260,/,,1,,0,0,知道不知道？,"['zhi', 'dao', 'bu', 'zhi', 'dao']"
VE05000125,迟、晚,1346T0502VE05000125VE01260,老师说同学,,,,5,0,老师说同学,"['lao', 'shi', 'shuo', 'tong', 'xue']"
VE05000125,迟、晚,1618283377735T0503VE05000125VE012601618283624897,同学来晚了,,,1,5,1,同学来晚了,"['tong', 'xue', 'lai', 'wan', 'le']"
VE05000125,迟、晚,1618294378869T0502VE05000125VE012601618294577895,同学来晚了,,,1,5,1,重新来晚了,"['zhong', 'xin', 'lai', 'wan', 'le']"
VE05000125,迟、晚,1618297471484T0502VE05000125VE012601618297702102,他来 他到学校来晚了,,,1,5,1,他来他到学校来晚了,"['ta', 'lai', 'ta', 'dao', 'xue', 'xiao', 'lai', 'wan', 'le']"
VE05000125,迟、晚,1618298310027T0503VE05000125VE012601618298481935,小朋友迟到了,,,1,5,1,小朋友知道了,"['xiao', 'peng', 'you', 'zhi', 'dao', 'le']"
VE05000125,迟、晚,1618450419482T0502VE05000125VE012601618450613678,他来得太晚了,,,,5,1,他来的太晚了,"['ta', 'lai', 'de', 'tai', 'wan', 'le']"
VE05000125,迟、晚,1618450727708T0503VE05000125VE012601618450899000,/,,,,0,0,成水的这种非常,"['cheng', 'shui', 'de', 'zhe', 'zhong', 'fei', 'chang']"
VE05000125,迟、晚,1618454164862T0503VE05000125VE012601618454315219,迟到,,,1,5,1,渠道,"['qu', 'dao']"
VE05000126,蚯蚓,------------------------------------------------,--------------------,--------,--------------,------------,------------,----------,---------------------,
VE05000126,蚯蚓,1343T0501VE05000126VE01276,蚯蚓,,,,3,1,投影,"['tou', 'ying']"
VE05000126,蚯蚓,1346T0502VE05000126VE01276,蚯蚓,,,,5,1,蚯蚓,"['qiu', 'yin']"
VE05000126,蚯蚓,1618277350113T0501VE05000126VE012761618277504557,这是虫子,,,1,4,0,但是肠子,"['dan', 'shi', 'chang', 'zi']"
VE05000126,蚯蚓,1618294378869T0502VE05000126VE012761618294597429,这是 毛毛虫,,,1,5,0,这是毛毛虫,"['zhe', 'shi', 'mao', 'mao', 'chong']"
VE05000126,蚯蚓,1618297471484T0502VE05000126VE012761618297725900,一条红色的色,,,1,3,0,一条红色的蛇,"['yi', 'tiao', 'hong', 'se', 'de', 'she']"
VE05000126,蚯蚓,1618298013833T0501VE05000126VE012761618298153337,这是 蛇,,,1,4,0,这是,"['zhe', 'shi']"
VE05000126,蚯蚓,1618450419482T0502VE05000126VE012761618450633342,这个是毛毛虫,,,,5,0,这个是毛毛虫,"['zhe', 'ge', 'shi', 'mao', 'mao', 'chong']"
VE05000126,蚯蚓,1618451101330T0501VE05000126VE012761618451226431,蚓,,,,2,0,为,['wei']
VE05000126,蚯蚓,1618454475187T0501VE05000126VE012761618454598545,蚯蚓,,,,5,1,蚯蚓,"['qiu', 'yin']"
VE05000127,后面,------------------------------------------------,--------------------,--------,--------------,------------,------------,----------,---------------------,
VE05000127,后面,1340T0503VE05000127VE00996,外面,,,1,5,0,外面,"['wai', 'mian']"
VE05000127,后面,1618275375251T0505VE05000127VE009961618275595235,/,,,1,0,0,,['']
VE05000127,后面,1618279812882T0403VE05000127VE009961618280094272,昂边,,,,3,0,我们毕业,"['wo', 'men', 'bi', 'ye']"
VE05000127,后面,1618283377735T0503VE05000127VE009961618283604613,后面,,,1,4,1,后面,"['hou', 'mian']"
VE05000127,后面,1618296468087T0505VE05000127VE009961618296742963,外面,,,,5,0,外面,"['wai', 'mian']"
VE05000127,后面,1618297906963T0402VE05000127VE009961618298194348,正方形,,,1,4,0,正方形,"['zheng', 'fang', 'xing']"
VE05000127,后面,1618298310027T0503VE05000127VE009961618298465044,里面,,,1,4,0,,['']
VE05000127,后面,1618299133972T0403VE05000127VE009961618299409252,/,,,1,0,0,,['']
VE05000127,后面,1618299226861T0403VE05000127VE009961618299466658,已面,,,1,2,0,,['']
VE05000127,后面,1618299730739T0402VE05000127VE009961618300054319,他和 嗯 给他一起,,,,3,0,他可能给他一起,"['ta', 'ke', 'neng', 'gei', 'ta', 'yi', 'qi']"
VE05000127,后面,1618449796526T0403VE05000127VE009961618450083558,/,,,,0,0,,['']
VE05000127,后面,1618450727708T0503VE05000127VE009961618450882177,里面,,,1,4,0,就是说里面,"['jiu', 'shi', 'shuo', 'li', 'mian']"
VE05000127,后面,1618453886603T0505VE05000127VE009961618454100966,在正方体的后部,,,1,5,1,在正方体的后部,"['zai', 'zheng', 'fang', 'ti', 'de', 'hou', 'bu']"
VE05000127,后面,1618454164862T0503VE05000127VE009961618454298561,里面,,,1,5,0,里面,"['li', 'mian']"
VE05000127,后面,1618468822007T0402VE05000127VE009961618469024455,正外,,,1,3,0,,['']
VE05000127,后面,1618469463349T0403VE05000127VE009961618469691896,后边,,,1,5,1,,['']
VE05000127,后面,1618469524076T0403VE05000127VE009961618469740166,/,,,,0,0,,['']
VE05000127,后面,1618470554451T0402VE05000127VE009961618470770249,滚 圆形在滚,,,1,4,0,我原先在滚,"['wo', 'yuan', 'xian', 'zai', 'gun']"
VE05000127,后面,1618470847973T0403VE05000127VE009961618471068431,一面,,,,3,0,一面,"['yi', 'mian']"
VE05000127,后面,1618471019753T0402VE05000127VE009961618471322965,在一面的是那一头,,,,3,0,这里面的是那一头,"['zhe', 'li', 'mian', 'de', 'shi', 'na', 'yi', 'tou']"
VE05000128,掏,------------------------------------------------,--------------------,--------,--------------,------------,------------,----------,---------------------,
VE05000128,掏,1350T0504VE05000128VE01024,嗯 拉口袋,,,,4,0,嗯拉个口袋,"['en', 'la', 'ge', 'kou', 'dai']"
VE05000128,掏,1618275375251T0505VE05000128VE010241618275561874,他在拿东西,,,,5,0,他在拿东西,"['ta', 'zai', 'na', 'dong', 'xi']"
VE05000128,掏,1618283790419T0504VE05000128VE010241618284020020,他在拿东西,,,,5,0,他在拿东西,"['ta', 'zai', 'na', 'dong', 'xi']"
VE05000128,掏,1618296468087T0505VE05000128VE010241618296699368,他在掏口袋,,,,5,1,他在掏口袋,"['ta', 'zai', 'tao', 'kou', 'dai']"
VE05000128,掏,1618296805874T0504VE05000128VE010241618297070860,在拿 他在拿纸巾,,,1,5,0,他在拿纸，他在拿纸巾,"['ta', 'zai', 'na', 'zhi', 'ta', 'zai', 'na', 'zhi', 'jin']"
VE05000128,掏,1618450064906T0504VE05000128VE010241618450278283,他在摸头袋,,,,3,0,他在摸头戴,"['ta', 'zai', 'mo', 'tou', 'dai']"
VE05000128,掏,1618453886603T0505VE05000128VE010241618454061633,他在,,,1,4,0,还在,"['huan', 'zai']"
VE05000128,掏,1618455362593T0504VE05000128VE010241618455534832,拉裤子,,,1,5,0,拉裤子,"['la', 'ku', 'zi']"
VE05000129,刺,------------------------------------------------,--------------------,--------,--------------,------------,------------,----------,---------------------,
VE05000129,刺,1340T0503VE05000129VE00259,仙人掌,,,1,3,0,仙人掌,"['xian', 'ren', 'zhang']"
VE05000129,刺,1618275375251T0505VE05000129VE002591618275582249,仙人掌,,,1,4,0,仙人掌,"['xian', 'ren', 'zhang']"
VE05000129,刺,1618277511749T0403VE05000129VE002591618278078155,仙人掌,,,,5,0,仙人掌,"['xian', 'ren', 'zhang']"
VE05000129,刺,1618279812882T0403VE05000129VE002591618280077854,这是,,,,5,0,这是,"['zhe', 'shi']"
VE05000129,刺,1618283377735T0503VE05000129VE002591618283592191,四一个刺,,,,3,1,是一个词,"['shi', 'yi', 'ge', 'ci']"
VE05000129,刺,1618296468087T0505VE05000129VE002591618296725183,这是,,,1,4,0,这是,"['zhe', 'shi']"
VE05000129,刺,1618297906963T0402VE05000129VE002591618298173392,/,,,,0,0,,['']
VE05000129,刺,1618298310027T0503VE05000129VE002591618298450082,这 是,,,1,4,0,这,['zhe']
VE05000129,刺,1618299133972T0403VE05000129VE002591618299385954,de yu,1,,1,1,0,对嗯,"['dui', 'en']"
VE05000129,刺,1618299226861T0403VE05000129VE002591618299456529,燕人掌,,,,3,0,新生儿,"['xin', 'sheng', 'er']"
VE05000129,刺,1618299730739T0402VE05000129VE002591618300042810,/,,,1,0,0,,['']
VE05000129,刺,1618449796526T0403VE05000129VE002591618450065855,/,,,,0,0,,['']
VE05000129,刺,1618450690039T0402VE05000129VE002591618450880668,/,,,,0,0,,['']
VE05000129,刺,1618450727708T0503VE05000129VE002591618450867191,仙人掌,,,,4,0,千分之,"['qian', 'fen', 'zhi']"
VE05000129,刺,1618453886603T0505VE05000129VE002591618454087294,这是仙人掌的刺,,,,5,1,这是仙人掌的刺,"['zhe', 'shi', 'xian', 'ren', 'zhang', 'de', 'ci']"
VE05000129,刺,1618454164862T0503VE05000129VE002591618454285074,仙人zang,1,,,3,0,仙人掌,"['xian', 'ren', 'zhang']"
VE05000129,刺,1618468822007T0402VE05000129VE002591618469010840,/,,,,0,0,,['']
VE05000129,刺,1618469463349T0403VE05000129VE002591618469676698,仙人掌,,,,4,0,仙人掌,"['xian', 'ren', 'zhang']"
VE05000129,刺,1618470554451T0402VE05000129VE002591618470753748,这是 树根,,,1,4,0,这是树根,"['zhe', 'shi', 'shu', 'gen']"
VE05000129,刺,1618470847973T0403VE05000129VE002591618471056519,这是气人树,,,,3,0,就是吃人数,"['jiu', 'shi', 'chi', 'ren', 'shu']"
VE05000129,刺,1618471019753T0402VE05000129VE002591618471300884,这个笑 那个 仙人,,,,3,0,嗯这个笑呢不谢了,"['en', 'zhe', 'ge', 'xiao', 'ni', 'bu', 'xie', 'le']"
VE05000130,电池,------------------------------------------------,--------------------,--------,--------------,------------,------------,----------,---------------------,
VE05000130,电池,1342T0601VE05000130VE00404,戒尺,,,1,3,0,坚持,"['jian', 'chi']"
VE05000130,电池,1348T0601VE05000130VE00404,电池,,,1,5,1,电池,"['dian', 'chi']"
VE05000130,电池,1618190311406T0601VE05000130VE004041618190728619,电池,,,1,5,1,电池,"['dian', 'chi']"
VE05000130,电池,1618194328063T0601VE05000130VE004041618194563412,按池,,,,3,1,坚持,"['jian', 'chi']"
VE05000130,电池,1618275375251T0505VE05000130VE004041618275613265,池,,,,3,0,吃啊,"['chi', 'a']"
VE05000130,电池,1618276501878T0601VE05000130VE004041618276900488,电池,,,1,5,1,电池,"['dian', 'chi']"
VE05000130,电池,1618279332680T0601VE05000130VE004041618279615739,电池,,,1,5,1,电池,"['dian', 'chi']"
VE05000130,电池,1618285767289T0404VE05000130VE004041618286025904,/,,,,0,0,嗯,['en']
VE05000130,电池,1618295835309T0404VE05000130VE004041618296078970,池,,,,2,0,停,['ting']
VE05000130,电池,1618296468087T0505VE05000130VE004041618296761170,制是电池,,,1,4,1,这是、电池,"['zhe', 'shi', 'dian', 'chi']"
VE05000130,电池,1618449720214T0601VE05000130VE004041618450012224,电词,,,,3,1,电池,"['dian', 'chi']"
VE05000130,电池,1618452037246T0601VE05000130VE004041618452276282,这是 电池,,,,5,1,这是电池,"['zhe', 'shi', 'dian', 'chi']"
VE05000130,电池,1618453886603T0505VE05000130VE004041618454117103,这是两个电池,,,,5,1,这是两个电池,"['zhe', 'shi', 'liang', 'ge', 'dian', 'chi']"
VE05000130,电池,1618455059969T0601VE05000130VE004041618455308389,个电池,,,,5,1,个电池,"['ge', 'dian', 'chi']"
VE05000130,电池,1618468821499T0404VE05000130VE004041618469096705,/,,,,0,0,,['']
VE05000130,电池,1618469889703T0404VE05000130VE004041618470130482,按词,,,,2,1,,['']
VE05000131,梯子,------------------------------------------------,--------------------,--------,--------------,------------,------------,----------,---------------------,
VE05000131,梯子,1340T0503VE05000131VE00058,梯子,,,1,5,1,帖子,"['tie', 'zi']"
VE05000131,梯子,1346T0502VE05000131VE00058,梯子,,,1,5,1,梯子,"['ti', 'zi']"
VE05000131,梯子,1618283377735T0503VE05000131VE000581618283633675,梯子,,,1,5,1,妻子,"['qi', 'zi']"
VE05000131,梯子,1618294378869T0502VE05000131VE000581618294588253,子,,,,1,0,,['']
VE05000131,梯子,1618297471484T0502VE05000131VE000581618297715653,梯子,,,,5,1,字,['zi']
VE05000131,梯子,1618298310027T0503VE05000131VE000581618298491611,楼梯,,,1,5,0,,['']
VE05000131,梯子,1618450419482T0502VE05000131VE000581618450623994,这个梯子,,,,5,1,这个梯子,"['zhe', 'ge', 'ti', 'zi']"
VE05000131,梯子,1618450727708T0503VE05000131VE000581618450913198,/,,,1,0,0,对,['dui']
VE05000131,梯子,1618454164862T0503VE05000131VE000581618454327622,梯子,,,1,5,1,批评,"['pi', 'ping']"
VE05000132,浅,------------------------------------------------,--------------------,--------,--------------,------------,------------,----------,---------------------,
VE05000132,浅,1340T0503VE05000132VE00888,很浅,,,1,5,1,很浅,"['hen', 'qian']"
VE05000132,浅,1343T0501VE05000132VE00888,嗯 也很深,,,1,5,0,嗯也很深,"['en', 'ye', 'hen', 'shen']"
VE05000132,浅,1350T0504VE05000132VE00888,呲藏 很 很低,,,1,3,0,车长很恐惧,"['che', 'chang', 'hen', 'kong', 'ju']"
VE05000132,浅,1618277350113T0501VE05000132VE008881618277575236,小小的,,,1,5,0,小小的,"['xiao', 'xiao', 'de']"
VE05000132,浅,1618283377735T0503VE05000132VE008881618283637246,池塘很小,,,1,4,0,其实他很喜欢,"['qi', 'shi', 'ta', 'hen', 'xi', 'huan']"
VE05000132,浅,1618283790419T0504VE05000132VE008881618283924542,池塘很浅,,,,5,1,池塘很浅,"['chi', 'tang', 'hen', 'qian']"
VE05000132,浅,1618296805874T0504VE05000132VE008881618296978502,池塘很浅,,,1,5,1,池塘很浅,"['chi', 'tang', 'hen', 'qian']"
VE05000132,浅,1618298013833T0501VE05000132VE008881618298219266,池塘就是小呀,,,1,4,0,池塘就是小鸭,"['chi', 'tang', 'jiu', 'shi', 'xiao', 'ya']"
VE05000132,浅,1618298310027T0503VE05000132VE008881618298498079,不深,,,1,4,0,故事,"['gu', 'shi']"
VE05000132,浅,1618450064906T0504VE05000132VE008881618450194034,/,,,,0,0,,['']
VE05000132,浅,1618450727708T0503VE05000132VE008881618450917092,池塘很之,,,,2,0,吃糖很吃,"['chi', 'tang', 'hen', 'chi']"
VE05000132,浅,1618451101330T0501VE05000132VE008881618451294994,一,,,,1,0,,['']
VE05000132,浅,1618454164862T0503VE05000132VE008881618454332291,浅,,,1,5,1,钱,['qian']
VE05000132,浅,1618454475187T0501VE05000132VE008881618454657585,不深,,,,5,0,不神,"['bu', 'shen']"
VE05000132,浅,1618455362593T0504VE05000132VE008881618455462416,池塘很浅,,,,5,1,池塘很浅,"['chi', 'tang', 'hen', 'qian']"
VE05000133,蔬菜,------------------------------------------------,--------------------,--------,--------------,------------,------------,----------,---------------------,
VE05000133,蔬菜,1340T0503VE05000133VE00021,苏菜,,,1,3,1,,['']
VE05000133,蔬菜,1618275375251T0505VE05000133VE000211618275587334,/,,,1,0,0,同学们再见,"['tong', 'xue', 'men', 'zai', 'jian']"
VE05000133,蔬菜,1618279812882T0403VE05000133VE000211618280085326,都是蔬菜,,,,5,1,都是蔬菜,"['du', 'shi', 'shu', 'cai']"
VE05000133,蔬菜,1618283377735T0503VE05000133VE000211618283597934,蔬菜,,,1,5,1,蔬菜,"['shu', 'cai']"
VE05000133,蔬菜,1618297906963T0402VE05000133VE000211618298182662,黄多啊青椒都是 都是水朵,,,1,3,0,我都要吃胶，都是都是水果,"['wo', 'du', 'yao', 'chi', 'jiao', 'du', 'shi', 'du', 'shi', 'shui', 'guo']"
VE05000133,蔬菜,1618298310027T0503VE05000133VE000211618298457202,/,,,1,0,0,,['']
VE05000133,蔬菜,1618299133972T0403VE05000133VE000211618299393361,/,,,1,0,0,比如呢如果他在做什么呢,"['bi', 'ru', 'ni', 'ru', 'guo', 'ta', 'zai', 'zuo', 'shen', 'me', 'ni']"
VE05000133,蔬菜,1618299226861T0403VE05000133VE000211618299459874,营养的,,,1,5,0,营养的,"['ying', 'yang', 'de']"
VE05000133,蔬菜,1618299730739T0402VE05000133VE000211618300047315,不一样的,,,1,5,0,不一样的,"['bu', 'yi', 'yang', 'de']"
VE05000133,蔬菜,1618449796526T0403VE05000133VE000211618450074868,/,,,,0,0,,['']
VE05000133,蔬菜,1618450690039T0402VE05000133VE000211618450885286,/,,,,0,0,,['']
VE05000133,蔬菜,1618450727708T0503VE05000133VE000211618450873255,/,,,,0,0,,['']
VE05000133,蔬菜,1618453886603T0505VE05000133VE000211618454093185,都是蔬菜,,,,5,1,都是蔬菜,"['du', 'shi', 'shu', 'cai']"
VE05000133,蔬菜,1618454164862T0503VE05000133VE000211618454291553,苏菜,,,1,3,1,蔬菜,"['shu', 'cai']"
VE05000133,蔬菜,1618468822007T0402VE05000133VE000211618469015288,黄瓜 青椒 西红柿,,,1,5,0,黄瓜、青椒消失,"['huang', 'gua', 'qing', 'jiao', 'xiao', 'shi']"
VE05000133,蔬菜,1618469463349T0403VE05000133VE000211618469681304,/,,,1,0,0,嗯嗯嗯,"['en', 'en', 'en']"
VE05000133,蔬菜,1618469524076T0403VE05000133VE000211618469733641,/,,,,0,0,,['']
VE05000133,蔬菜,1618470554451T0402VE05000133VE000211618470760013,都是sisusisu都四素菜 ,1,,,3,1,都是都是住都吃素菜,"['du', 'shi', 'du', 'shi', 'zhu', 'du', 'chi', 'su', 'cai']"
VE05000133,蔬菜,1618470847973T0403VE05000133VE000211618471061790,/,,,,0,0,,['']
VE05000133,蔬菜,1618471019753T0402VE05000133VE000211618471314711,蔬蔬菜,,,,4,1,是什么？苏？苏泰,"['shi', 'shen', 'me', 'su', 'su', 'tai']"
VE05000134,搬,------------------------------------------------,--------------------,--------,--------------,------------,------------,----------,---------------------,
VE05000134,搬,1350T0504VE05000134VE00560,搬作子,,,,3,1,搬桌子,"['ban', 'zhuo', 'zi']"
VE05000134,搬,1618275375251T0505VE05000134VE005601618275553666,们在搬桌子,,,,4,1,我们在搬桌子,"['wo', 'men', 'zai', 'ban', 'zhuo', 'zi']"
VE05000134,搬,1618283790419T0504VE05000134VE005601618284009184,搬桌子,,,,5,1,搬桌子,"['ban', 'zhuo', 'zi']"
VE05000134,搬,1618296468087T0505VE05000134VE005601618296687120,他们 在搬 桌子,,,1,5,1,他们在搬桌子,"['ta', 'men', 'zai', 'ban', 'zhuo', 'zi']"
VE05000134,搬,1618296805874T0504VE05000134VE005601618297058409,他们在抬桌子,,,1,5,1,他们在抬桌子,"['ta', 'men', 'zai', 'tai', 'zhuo', 'zi']"
VE05000134,搬,1618450064906T0504VE05000134VE005601618450268422,他们在搬桌子 ,,,,5,1,他们在搬桌子,"['ta', 'men', 'zai', 'ban', 'zhuo', 'zi']"
VE05000134,搬,1618453886603T0505VE05000134VE005601618454053040,他们在搬桌子 ,,,,5,1,他们在搬桌子,"['ta', 'men', 'zai', 'ban', 'zhuo', 'zi']"
VE05000134,搬,1618455362593T0504VE05000134VE005601618455526023,桌子 ,,,,5,0,桌子,"['zhuo', 'zi']"
VE05000135,皮鞭,------------------------------------------------,--------------------,--------,--------------,------------,------------,----------,---------------------,
VE05000135,皮鞭,1341T0602VE05000135VE00141,绳子,,,1,3,0,,['']
VE05000135,皮鞭,1343T0501VE05000135VE00141,绳子,,,1,5,0,绳子,"['sheng', 'zi']"
VE05000135,皮鞭,1347T0605VE05000135VE00141,这是绳子,,,1,5,0,这是绳子,"['zhe', 'shi', 'sheng', 'zi']"
VE05000135,皮鞭,1618189717760T0602VE05000135VE001411618189871987,僧子,,,,3,0,神志,"['shen', 'zhi']"
VE05000135,皮鞭,1618192048330T0605VE05000135VE001411618192181841,/,,,,0,0,,['']
VE05000135,皮鞭,1618193735771T0602VE05000135VE001411618193862423,绳子,,,,5,0,绳子,"['sheng', 'zi']"
VE05000135,皮鞭,1618196018573T0602VE05000135VE001411618196201987,绳子,,,,5,0,绳子,"['sheng', 'zi']"
VE05000135,皮鞭,1618277350113T0501VE05000135VE001411618277549532,这是绳子,,,,4,0,乐视、神经,"['le', 'shi', 'shen', 'jing']"
VE05000135,皮鞭,1618278205081T0605VE05000135VE001411618278327961,这是绳子,,,,5,0,这是绳子,"['zhe', 'shi', 'sheng', 'zi']"
VE05000135,皮鞭,1618278587855T0605VE05000135VE001411618278832083,/,,,,0,0,嗯,['en']
VE05000135,皮鞭,1618279667480T0602VE05000135VE001411618279828077,绳子啊,,,,5,0,什么的,"['shen', 'me', 'de']"
VE05000135,皮鞭,1618282675120T0602VE05000135VE001411618282819182,绳子,,,,5,0,绳子,"['sheng', 'zi']"
VE05000135,皮鞭,1618295228848T0605VE05000135VE001411618295430887,绳子,,,,5,0,神字,"['shen', 'zi']"
VE05000135,皮鞭,1618298013833T0501VE05000135VE001411618298198098,僧子,,,,5,0,绳子,"['sheng', 'zi']"
VE05000135,皮鞭,1618447854715T0605VE05000135VE001411618447977744,子,,,,1,0,嗯,['en']
VE05000135,皮鞭,1618451101330T0501VE05000135VE001411618451268338,绳子,,,,5,0,绳子,"['sheng', 'zi']"
VE05000135,皮鞭,1618451426336T0602VE05000135VE001411618451550949,绳子,,,,3,0,人质,"['ren', 'zhi']"
VE05000135,皮鞭,1618451774229T0605VE05000135VE001411618451882049,这是绳志,,,,3,0,这是，绳子,"['zhe', 'shi', 'sheng', 'zi']"
VE05000135,皮鞭,1618453029145T0602VE05000135VE001411618453152107,一子,,,,1,0,一次,"['yi', 'ci']"
VE05000135,皮鞭,1618453308633T0605VE05000135VE001411618453390305,是绳子,,1,1,5,0,你说是绳子,"['ni', 'shuo', 'shi', 'sheng', 'zi']"
VE05000135,皮鞭,1618453584002T0602VE05000135VE001411618453733819,这是一个 溜马的绳子,,,1,5,0,这是一个可以用哪个绳子？,"['zhe', 'shi', 'yi', 'ge', 'ke', 'yi', 'yong', 'na', 'ge', 'sheng', 'zi']"
VE05000135,皮鞭,1618454475187T0501VE05000135VE001411618454636904,/,,,1,0,0,,['']
VE05000136,影子,------------------------------------------------,--------------------,--------,--------------,------------,------------,----------,---------------------,
VE05000136,影子,1341T0602VE05000136VE00156,则四,,,1,3,0,这是,"['zhe', 'shi']"
VE05000136,影子,1343T0501VE05000136VE00156,树,,,,5,0,,['']
VE05000136,影子,1344T0604VE05000136VE00156,树,,,1,5,0,说,['shuo']
VE05000136,影子,1618189717760T0602VE05000136VE001561618189867171,影子,,,,5,1,影子,"['ying', 'zi']"
VE05000136,影子,1618191717238T0604VE05000136VE001561618191887241,素,,,,3,0,树,['shu']
VE05000136,影子,1618193100995T0604VE05000136VE001561618193285887,影子,,,1,5,1,组织,"['zu', 'zhi']"
VE05000136,影子,1618193735771T0602VE05000136VE001561618193857455,影子,,,1,5,1,,['']
VE05000136,影子,1618196018573T0602VE05000136VE001561618196195568,/,,,1,0,0,嗯对了,"['en', 'dui', 'le']"
VE05000136,影子,1618275960253T0604VE05000136VE001561618276136290,树,,,1,4,0,,['']
VE05000136,影子,1618277350113T0501VE05000136VE001561618277539713,这是树的 这是树的影子,,,1,4,1,这是树的这是树的影子,"['zhe', 'shi', 'shu', 'de', 'zhe', 'shi', 'shu', 'de', 'ying', 'zi']"
VE05000136,影子,1618279667480T0602VE05000136VE001561618279822724,这是个影子啊,,,1,5,1,就是影子,"['jiu', 'shi', 'ying', 'zi']"
VE05000136,影子,1618280905927T0604VE05000136VE001561618281064013,这 这是大草原,,,,4,0,这这是一这是大草原,"['zhe', 'zhe', 'shi', 'yi', 'zhe', 'shi', 'da', 'cao', 'yuan']"
VE05000136,影子,1618282136024T0604VE05000136VE001561618282302341,草地,,,,5,0,草地,"['cao', 'di']"
VE05000136,影子,1618282675120T0602VE05000136VE001561618282815489,景子,,,,3,1,引子,"['yin', 'zi']"
VE05000136,影子,1618295615703T0604VE05000136VE001561618295812300,大树,,,,5,0,但是我,"['dan', 'shi', 'wo']"
VE05000136,影子,1618298013833T0501VE05000136VE001561618298192591,这是 草地,,,1,3,0,这是场地,"['zhe', 'shi', 'chang', 'di']"
VE05000136,影子,1618448900511T0604VE05000136VE001561618449054077,树的椅子,,,,3,1,树的椅子,"['shu', 'de', 'yi', 'zi']"
VE05000136,影子,1618451101330T0501VE05000136VE001561618451259957,嗯 树,,,1,5,0,嗯有多少？富,"['en', 'you', 'duo', 'shao', 'fu']"
VE05000136,影子,1618451426336T0602VE05000136VE001561618451544002,/,,,1,0,0,这是用泡沫出来,"['zhe', 'shi', 'yong', 'pao', 'mo', 'chu', 'lai']"
VE05000136,影子,1618452740249T0604VE05000136VE001561618452883565,影之,,,1,3,1,结果影子,"['jie', 'guo', 'ying', 'zi']"
VE05000136,影子,1618453029145T0602VE05000136VE001561618453146349,一的树的椅子,,,,3,1,一个数字椅子,"['yi', 'ge', 'shu', 'zi', 'yi', 'zi']"
VE05000136,影子,1618453584002T0602VE05000136VE001561618453728598,这是一个影子,,,1,4,1,这是一个影子,"['zhe', 'shi', 'yi', 'ge', 'ying', 'zi']"
VE05000136,影子,1618454475187T0501VE05000136VE001561618454629509,/,,,,0,0,嗯,['en']
VE05000136,影子,1618455677099T0604VE05000136VE001561618455806261,这是影子,,,,4,1,这是影子,"['zhe', 'shi', 'ying', 'zi']"
VE05000137,胳膊、胳膊肘、手肘,------------------------------------------------,--------------------,--------,--------------,------------,------------,----------,---------------------,
VE05000137,胳膊、胳膊肘、手肘,1340T0503VE05000137VE00611,胳膊,,,1,5,1,,['']
VE05000137,胳膊、胳膊肘、手肘,1618275375251T0505VE05000137VE006111618275604055,手,,,1,5,0,手,['shou']
VE05000137,胳膊、胳膊肘、手肘,1618277511749T0403VE05000137VE006111618278096780,手臂,,,1,5,0,手臂,"['shou', 'bi']"
VE05000137,胳膊、胳膊肘、手肘,1618279183526T0402VE05000137VE006111618279468790,这是 naniaode,1,,,1,0,这是大调的,"['zhe', 'shi', 'da', 'diao', 'de']"
VE05000137,胳膊、胳膊肘、手肘,1618279812882T0403VE05000137VE006111618280100591,这是腿,,,1,5,0,这是腿,"['zhe', 'shi', 'tui']"
VE05000137,胳膊、胳膊肘、手肘,1618283377735T0503VE05000137VE006111618283615973,胳膊,,,1,5,1,,['']
VE05000137,胳膊、胳膊肘、手肘,1618296468087T0505VE05000137VE006111618296750722,这是腿,,,1,5,0,这是腿,"['zhe', 'shi', 'tui']"
VE05000137,胳膊、胳膊肘、手肘,1618297906963T0402VE05000137VE006111618298201279,肘,,,,4,1,走,['zou']
VE05000137,胳膊、胳膊肘、手肘,1618298310027T0503VE05000137VE006111618298472346,胳吧,,,1,3,1,哥吧,"['ge', 'ba']"
VE05000137,胳膊、胳膊肘、手肘,1618299133972T0403VE05000137VE006111618299416246,/,,,1,0,0,嗯,['en']
VE05000137,胳膊、胳膊肘、手肘,1618299226861T0403VE05000137VE006111618299472302,额,,,,0,0,啊,['a']
VE05000137,胳膊、胳膊肘、手肘,1618299730739T0402VE05000137VE006111618300063660,卧,,,,0,0,,['']
VE05000137,胳膊、胳膊肘、手肘,1618449796526T0403VE05000137VE006111618450095043,/,,,,0,0,,['']
VE05000137,胳膊、胳膊肘、手肘,1618450690039T0402VE05000137VE006111618450899777,/,,,,0,0,,['']
VE05000137,胳膊、胳膊肘、手肘,1618450727708T0503VE05000137VE006111618450889933,腿,,,1,3,0,喂管理,"['wei', 'guan', 'li']"
VE05000137,胳膊、胳膊肘、手肘,1618453886603T0505VE05000137VE006111618454108471,手腕,,,,5,0,手腕,"['shou', 'wan']"
VE05000137,胳膊、胳膊肘、手肘,1618454164862T0503VE05000137VE006111618454304973,手臂,,,,5,1,手臂,"['shou', 'bi']"
VE05000137,胳膊、胳膊肘、手肘,1618468822007T0402VE05000137VE006111618469031470,腿,,,,5,0,,['']
VE05000137,胳膊、胳膊肘、手肘,1618469463349T0403VE05000137VE006111618469699085,胳膊,,,,5,1,胳膊,"['ge', 'bo']"
VE05000137,胳膊、胳膊肘、手肘,1618469524076T0403VE05000137VE006111618469757189,/,,,,0,0,,['']
VE05000137,胳膊、胳膊肘、手肘,1618470554451T0402VE05000137VE006111618470780869,腿,,,,5,0,回,['hui']
VE05000137,胳膊、胳膊肘、手肘,1618470847973T0403VE05000137VE006111618471073975,一,,,,2,0,喂,['wei']
VE05000137,胳膊、胳膊肘、手肘,1618471019753T0402VE05000137VE006111618471336211,/,,,,0,0,,['']
VE05000138,旧,------------------------------------------------,--------------------,--------,--------------,------------,------------,----------,---------------------,
VE05000138,旧,1341T0602VE05000138VE01190,则资鞋很旧,,,1,3,1,这只鞋很旧,"['zhe', 'zhi', 'xie', 'hen', 'jiu']"
VE05000138,旧,1343T0501VE05000138VE01190,嗯 新的,,,,4,0,嗯新的,"['en', 'xin', 'de']"
VE05000138,旧,1344T0604VE05000138VE01190,很旧,,,,4,1,很久,"['hen', 'jiu']"
VE05000138,旧,1618189717760T0602VE05000138VE011901618189858172,很脏,,,,5,0,很脏,"['hen', 'zang']"
VE05000138,旧,1618191717238T0604VE05000138VE011901618191878574,很旧,,,,5,1,喝酒,"['he', 'jiu']"
VE05000138,旧,1618193100995T0604VE05000138VE011901618193278204,/,,,1,0,0,,['']
VE05000138,旧,1618193735771T0602VE05000138VE011901618193848191,很黑,,,,5,0,很黑,"['hen', 'hei']"
VE05000138,旧,1618196018573T0602VE05000138VE011901618196189324,很旧,,,,5,1,很旧,"['hen', 'jiu']"
VE05000138,旧,1618275960253T0604VE05000138VE011901618276124664,,,,,0,0,这是一个当时,"['zhe', 'shi', 'yi', 'ge', 'dang', 'shi']"
VE05000138,旧,1618277350113T0501VE05000138VE011901618277533004,很旧,,,,5,1,很旧,"['hen', 'jiu']"
VE05000138,旧,1618279667480T0602VE05000138VE011901618279810924,很 很差,,,,5,0,很很差,"['hen', 'hen', 'cha']"
VE05000138,旧,1618280905927T0604VE05000138VE011901618281056082,很旧,,,,5,1,肯定有,"['ken', 'ding', 'you']"
VE05000138,旧,1618282136024T0604VE05000138VE011901618282291947,很脏,,,,5,0,和张,"['he', 'zhang']"
VE05000138,旧,1618282675120T0602VE05000138VE011901618282809413,/,,,,0,0,,['']
VE05000138,旧,1618295615703T0604VE05000138VE011901618295804201,很旧,,,,5,1,很旧,"['hen', 'jiu']"
VE05000138,旧,1618298013833T0501VE05000138VE011901618298184481,哪儿则四皮鞋,,,,3,0,那这是皮鞋,"['na', 'zhe', 'shi', 'pi', 'xie']"
VE05000138,旧,1618448900511T0604VE05000138VE011901618449047085,很旧,,,,5,1,很旧,"['hen', 'jiu']"
VE05000138,旧,1618451101330T0501VE05000138VE011901618451253424,很旧,,,,5,1,很旧,"['hen', 'jiu']"
VE05000138,旧,1618451426336T0602VE05000138VE011901618451536889,那只很旧,,,,4,1,那是很旧,"['na', 'shi', 'hen', 'jiu']"
VE05000138,旧,1618452740249T0604VE05000138VE011901618452876259,很旧,,,,5,1,很旧,"['hen', 'jiu']"
VE05000138,旧,1618453029145T0602VE05000138VE011901618453139127,很脏,,,,3,1,可知道,"['ke', 'zhi', 'dao']"
VE05000138,旧,1618453584002T0602VE05000138VE011901618453716644,那只鞋很,,,1,4,0,辣子血很,"['la', 'zi', 'xie', 'hen']"
VE05000138,旧,1618454475187T0501VE05000138VE011901618454622286,黑,,,,4,0,嗯,['en']
VE05000138,旧,1618455677099T0604VE05000138VE011901618455800051,很旧,,,,4,1,你就,"['ni', 'jiu']"
VE05000139,听诊器,------------------------------------------------,--------------------,--------,--------------,------------,------------,----------,---------------------,
VE05000139,听诊器,1341T0602VE05000139VE00738,/,,1,1,0,0,想不起来了,"['xiang', 'bu', 'qi', 'lai', 'le']"
VE05000139,听诊器,1343T0501VE05000139VE00738,医生的,,,1,5,0,医生呢,"['yi', 'sheng', 'ni']"
VE05000139,听诊器,1347T0605VE05000139VE00738,这是可以测量你提问 这是可以看你的心脏再跳还是不在跳,,,,5,0,这是可以测量你体温，这是可以看你的心脏在跳还是不在跳,"['zhe', 'shi', 'ke', 'yi', 'ce', 'liang', 'ni', 'ti', 'wen', 'zhe', 'shi', 'ke', 'yi', 'kan', 'ni', 'de', 'xin', 'zang', 'zai', 'tiao', 'huan', 'shi', 'bu', 'zai', 'tiao']"
VE05000139,听诊器,1618189717760T0602VE05000139VE007381618189882255,/,,,1,0,0,,['']
VE05000139,听诊器,1618192048330T0605VE05000139VE007381618192200035,医生的 救疗的,,,,3,0,你睡了就聊到,"['ni', 'shui', 'le', 'jiu', 'liao', 'dao']"
VE05000139,听诊器,1618192544946T0605VE05000139VE007381618192674216,医生用的东西,,,,4,0,这一生中的东西,"['zhe', 'yi', 'sheng', 'zhong', 'de', 'dong', 'xi']"
VE05000139,听诊器,1618193735771T0602VE05000139VE007381618193872086,听诊器,,,,5,1,听诊器,"['ting', 'zhen', 'qi']"
VE05000139,听诊器,1618196018573T0602VE05000139VE007381618196211458,/,,,,0,0,,['']
VE05000139,听诊器,1618277350113T0501VE05000139VE007381618277560465,/,,,1,0,0,,['']
VE05000139,听诊器,1618278205081T0605VE05000139VE007381618278341618,这是医生带的 治遥的,,,,3,0,这是一身自摇的,"['zhe', 'shi', 'yi', 'shen', 'zi', 'yao', 'de']"
VE05000139,听诊器,1618278587855T0605VE05000139VE007381618278854655,/,,,1,0,0,下面,"['xia', 'mian']"
VE05000139,听诊器,1618279667480T0602VE05000139VE007381618279837191,额 不到,,,,3,0,嗯不了,"['en', 'bu', 'le']"
VE05000139,听诊器,1618282675120T0602VE05000139VE007381618282827753,器,,,,5,0,气,['qi']
VE05000139,听诊器,1618298013833T0501VE05000139VE007381618298207713,嗯 这个是 呼吸,,,,3,0,嗯这个是深呼吸，呼吸,"['en', 'zhe', 'ge', 'shi', 'shen', 'hu', 'xi', 'hu', 'xi']"
VE05000139,听诊器,1618447854715T0605VE05000139VE007381618447985998,嗯器,,,,3,0,气,['qi']
VE05000139,听诊器,1618451101330T0501VE05000139VE007381618451279554,应诊器,,,,3,1,听整齐,"['ting', 'zheng', 'qi']"
VE05000139,听诊器,1618451426336T0602VE05000139VE007381618451561751,经缜记,,,,2,1,听诊器,"['ting', 'zhen', 'qi']"
VE05000139,听诊器,1618451774229T0605VE05000139VE007381618451891830,诊器,,,,3,0,整齐,"['zheng', 'qi']"
VE05000139,听诊器,1618453029145T0602VE05000139VE007381618453165039,这是救心脏的那个东西,,,,4,0,这是就西藏的那个图形,"['zhe', 'shi', 'jiu', 'xi', 'cang', 'de', 'na', 'ge', 'tu', 'xing']"
VE05000139,听诊器,1618453308633T0605VE05000139VE007381618453401972,这是,,,,4,0,这是,"['zhe', 'shi']"
VE05000139,听诊器,1618453584002T0602VE05000139VE007381618453750396,是听怎器,,,,3,1,是听诊器,"['shi', 'ting', 'zhen', 'qi']"
VE05000139,听诊器,1618454475187T0501VE05000139VE007381618454645964,/,,,,0,0,又是一个篮球赛是吧？,"['you', 'shi', 'yi', 'ge', 'lan', 'qiu', 'sai', 'shi', 'ba']"
